x,y,z,rx,ry,rz

-0.143579,0.900666,-0.490216,0.00333606,0.00145799,0.0983676,
-0.165473,0.885559,-0.489258,0.00383094,0.00158041,0.0980474,
-0.169838,0.8792,-0.490984,0.00376633,0.00126742,0.0979759,
-0.168854,0.871208,-0.490955,0.00325243,0.00152113,0.0977067,
-0.154594,0.883637,-0.486638,0.00333454,0.00211805,0.0975256,
-0.149293,0.87726,-0.490614,0.00342826,0.00252033,0.0974476,
-0.149293,0.87726,-0.490614,0.00342826,0.00252033,0.0974476,
-0.158271,0.860636,-0.492475,0.00406465,0.00251469,0.0973049,
-0.170984,0.865498,-0.499654,0.00431196,0.00178266,0.0968797,
-0.171677,0.871864,-0.496633,0.00377826,0.00150128,0.0965955,
-0.163083,0.86642,-0.49633,0.00381455,0.00206531,0.0959724,
-0.163083,0.86642,-0.49633,0.00381455,0.00206531,0.0959724,
-0.150396,0.856832,-0.508627,0.00446895,0.002083,0.0956801,
-0.140515,0.845854,-0.525339,0.00554901,0.00177449,0.0957151,
-0.140515,0.845854,-0.525339,0.00554901,0.00177449,0.0957151,
-0.12425,0.838736,-0.53833,0.00555949,0.00218869,0.0955363,
-0.107539,0.853115,-0.540007,0.00466293,0.00294879,0.0955074,
-0.0974179,0.855649,-0.539054,0.00445529,0.00323464,0.0951091,
-0.0974179,0.855649,-0.539054,0.00445529,0.00323464,0.0951091,
-0.112568,0.831702,-0.533301,0.00533026,0.00317242,0.0952584,
-0.126743,0.807935,-0.539422,0.00686485,0.00251219,0.0946603,
-0.132575,0.795388,-0.540706,0.00830032,0.00205208,0.0945388,
-0.132575,0.795388,-0.540706,0.00830032,0.00205208,0.0945388,
-0.116359,0.82323,-0.536803,0.00793496,0.00179223,0.0942258,
-0.099938,0.858204,-0.535961,0.00694962,0.00262138,0.0941922,
-0.0920387,0.881248,-0.531335,0.00651009,0.00331215,0.0942634,
-0.095495,0.908272,-0.533387,0.00613543,0.00328614,0.093859,
-0.095495,0.908272,-0.533387,0.00613543,0.00328614,0.093859,
-0.10012,0.912477,-0.533908,0.00644737,0.00325156,0.0935584,
-0.108422,0.936839,-0.540926,0.00624004,0.00308212,0.0930653,
-0.108422,0.936839,-0.540926,0.00624004,0.00308212,0.0930653,
-0.111416,0.971281,-0.555631,0.00523606,0.00331404,0.0928043,
-0.0993796,0.999309,-0.56037,0.0046072,0.00401739,0.0926848,
-0.102737,1.02061,-0.566643,0.0040839,0.0041637,0.0921493,
-0.102737,1.02061,-0.566643,0.0040839,0.0041637,0.0921493,
-0.109043,1.02891,-0.574323,0.00479027,0.00327071,0.091686,
-0.122341,1.02032,-0.5807,0.00612276,0.00230991,0.0910645,
-0.139116,1.00299,-0.591231,0.00673158,0.00193185,0.0906905,
-0.139116,1.00299,-0.591231,0.00673158,0.00193185,0.0906905,
-0.122766,1.01147,-0.604437,0.00712351,0.00198086,0.090513,
-0.0970733,1.03295,-0.621592,0.00699721,0.00223075,0.0905484,
-0.0970733,1.03295,-0.621592,0.00699721,0.00223075,0.0905484,
-0.0936894,1.02605,-0.635673,0.00737504,0.00289109,0.0904894,
-0.105586,1.00157,-0.654175,0.00817176,0.00278482,0.0902671,
-0.114816,0.972995,-0.675308,0.00943387,0.0016376,0.0897339,
-0.114816,0.972995,-0.675308,0.00943387,0.0016376,0.0897339,
-0.121521,0.946671,-0.685244,0.0101966,0.000880107,0.0894477,
-0.117706,0.948097,-0.695738,0.0105594,0.000917959,0.0891699,
-0.0946178,0.923052,-0.706994,0.0111171,0.00157955,0.0891104,
-0.0946178,0.923052,-0.706994,0.0111171,0.00157955,0.0891104,
-0.075988,0.923108,-0.738678,0.0119823,0.00224565,0.089296,
-0.0664917,0.935974,-0.775147,0.0122407,0.00295052,0.0897559,
-0.0660785,0.940489,-0.80842,0.0121997,0.00338496,0.0894686,
-0.0880044,0.965445,-0.830464,0.0115143,0.00265035,0.0891979,
-0.0880044,0.965445,-0.830464,0.0115143,0.00265035,0.0891979,
-0.112443,0.989013,-0.84684,0.011399,0.000961091,0.0886612,
-0.136181,0.981756,-0.862298,0.0116676,0.000106139,0.0883362,
-0.136181,0.981756,-0.862298,0.0116676,0.000106139,0.0883362,
-0.146219,0.976156,-0.868683,0.01153,-0.000136361,0.0887753,
-0.125819,0.983455,-0.886906,0.0113321,-0.000104081,0.0886963,
-0.11081,0.968109,-0.891476,0.0115462,0.000540149,0.0887629,
-0.11081,0.968109,-0.891476,0.0115462,0.000540149,0.0887629,
-0.118004,0.972293,-0.905853,0.0111684,0.000535753,0.0888444,
-0.137785,0.95692,-0.9195,0.011511,0.000593335,0.088925,
-0.137785,0.95692,-0.9195,0.011511,0.000593335,0.088925,
-0.143781,0.935019,-0.929984,0.0116377,0.000394873,0.088999,
-0.146825,0.941275,-0.941147,0.0110677,0.000944129,0.0890238,
-0.146825,0.941275,-0.941147,0.0110677,0.000944129,0.0890238,
-0.14255,0.934682,-0.943191,0.0115074,0.00146289,0.0892743,
-0.147196,0.944309,-0.95751,0.0114773,0.00137682,0.0892565,
-0.155966,0.930899,-0.964138,0.0118871,0.00131781,0.089147,
-0.155966,0.930899,-0.964138,0.0118871,0.00131781,0.089147,
-0.16154,0.914924,-0.958907,0.0128604,0.00130953,0.0890212,
-0.169758,0.921468,-0.963798,0.012412,0.00094253,0.0889144,
-0.169758,0.921468,-0.963798,0.012412,0.00094253,0.0889144,
-0.157379,0.933527,-0.970094,0.0118106,0.00144656,0.0890887,
-0.135567,0.954026,-0.967651,0.0107552,0.00208758,0.0891904,
-0.130224,0.98155,-0.962964,0.00959213,0.00231698,0.089302,
-0.130224,0.98155,-0.962964,0.00959213,0.00231698,0.089302,
-0.131051,0.985621,-0.962705,0.00914755,0.00197704,0.089174,
-0.150413,0.959825,-0.952451,0.00913387,0.00172152,0.0893576,
-0.150413,0.959825,-0.952451,0.00913387,0.00172152,0.0893576,
-0.166679,0.947082,-0.948909,0.00970819,0.00150355,0.0894087,
-0.163256,0.941919,-0.948471,0.0100701,0.0010509,0.0891771,
-0.154912,0.96236,-0.946415,0.00972398,0.000887828,0.0893834,
-0.154912,0.96236,-0.946415,0.00972398,0.000887828,0.0893834,
-0.144628,0.989386,-0.943307,0.00849565,0.00135865,0.0898225,
-0.132262,1.03079,-0.939481,0.00758382,0.00178929,0.0902291,
-0.132262,1.03079,-0.939481,0.00758382,0.00178929,0.0902291,
-0.125742,1.06572,-0.950079,0.00620809,0.00181386,0.0904581,
-0.136527,1.08227,-0.948403,0.0052971,0.00167472,0.0904555,
-0.164252,1.06644,-0.934558,0.00509309,0.00108509,0.0904799,
-0.164252,1.06644,-0.934558,0.00509309,0.00108509,0.0904799,
-0.185786,1.05867,-0.9175,0.00496187,-0.000567359,0.0900568,
-0.183968,1.05715,-0.894475,0.0048214,-0.00156522,0.0903637,
-0.163833,1.0325,-0.877614,0.00458689,-0.000997061,0.0904955,
-0.163833,1.0325,-0.877614,0.00458689,-0.000997061,0.0904955,
-0.150308,1.01114,-0.867021,0.00484906,0.000102854,0.0911888,
-0.124337,1.00791,-0.862248,0.0057338,0.000450721,0.0918514,
-0.124337,1.00791,-0.862248,0.0057338,0.000450721,0.0918514,
-0.120814,0.992062,-0.869417,0.00661273,0.000570013,0.0915778,
-0.12359,0.990989,-0.868687,0.00726771,-0.000306929,0.0916725,
-0.132119,1.00732,-0.87103,0.0065129,-0.000979687,0.0922494,
-0.132119,1.00732,-0.87103,0.0065129,-0.000979687,0.0922494,
-0.119308,1.02008,-0.872734,0.0060178,-0.000379457,0.0925326,
-0.0862216,1.02889,-0.870626,0.00531069,-0.000188531,0.092963,
-0.0862216,1.02889,-0.870626,0.00531069,-0.000188531,0.092963,
-0.083501,1.0342,-0.870976,0.0051768,-0.000150984,0.0933208,
-0.0837884,1.01767,-0.866802,0.00568064,-0.000900736,0.0938399,
-0.0880936,1.0105,-0.867109,0.00546146,-0.00155654,0.0942134,
-0.0880936,1.0105,-0.867109,0.00546146,-0.00155654,0.0942134,
-0.0817105,0.986262,-0.855333,0.00568517,-0.00180922,0.094776,
-0.0817105,0.986262,-0.855333,0.00568517,-0.00180922,0.094776,
-0.0641311,0.972906,-0.843395,0.00571738,-0.00219171,0.0952898,
-0.0533865,0.943554,-0.844536,0.00573701,-0.00207654,0.0959675,
-0.0350108,0.903457,-0.839987,0.00702339,-0.00201781,0.096617,
-0.0302619,0.885558,-0.835544,0.00808516,-0.00224813,0.0972784,
-0.0302619,0.885558,-0.835544,0.00808516,-0.00224813,0.0972784,
-0.025268,0.856439,-0.834649,0.00843261,-0.00219414,0.0981635,
-0.0175426,0.843006,-0.829676,0.00874813,-0.00216161,0.0988534,
-0.0175426,0.843006,-0.829676,0.00874813,-0.00216161,0.0988534,
-0.0139258,0.847579,-0.822773,0.00854795,-0.00230131,0.099916,
-0.00703901,0.858886,-0.820966,0.00824219,-0.00238562,0.100731,
0.00211562,0.863012,-0.817279,0.00729349,-0.00235063,0.101731,
0.00211562,0.863012,-0.817279,0.00729349,-0.00235063,0.101731,
0.0123798,0.880414,-0.812398,0.00677047,-0.00255823,0.102939,
0.0216683,0.879446,-0.805397,0.00675537,-0.00294092,0.10412,
0.0154756,0.86985,-0.797101,0.00648161,-0.00359101,0.105101,
0.0154756,0.86985,-0.797101,0.00648161,-0.00359101,0.105101,
0.00918482,0.860198,-0.790953,0.00673747,-0.00390824,0.106218,
0.00918482,0.860198,-0.790953,0.00673747,-0.00390824,0.106218,
0.00305643,0.843273,-0.770089,0.00713903,-0.00406031,0.107651,
0.000822105,0.840574,-0.755273,0.0072754,-0.00406399,0.109403,
0.0151086,0.834545,-0.739537,0.00750567,-0.00429204,0.110981,
0.016712,0.836118,-0.72863,0.00748572,-0.00421398,0.112738,
0.016712,0.836118,-0.72863,0.00748572,-0.00421398,0.112738,
0.00178287,0.83107,-0.717773,0.00663467,-0.00396127,0.114558,
0.00375414,0.852957,-0.704212,0.00601677,-0.00391546,0.116355,
0.00375414,0.852957,-0.704212,0.00601677,-0.00391546,0.116355,
0.00548876,0.870041,-0.692967,0.00460574,-0.00374183,0.118176,
0.00132564,0.885791,-0.690246,0.00338152,-0.00369776,0.120045,
0.0037173,0.895898,-0.674182,0.00228768,-0.00375917,0.122281,
0.0037173,0.895898,-0.674182,0.00228768,-0.00375917,0.122281,
-0.00898789,0.892682,-0.660448,0.00136841,-0.00360106,0.124291,
-0.014588,0.888315,-0.649144,0.00151948,-0.00405675,0.126141,
-0.0115883,0.872448,-0.635673,0.00152728,-0.00509295,0.12808,
-0.0115883,0.872448,-0.635673,0.00152728,-0.00509295,0.12808,
-0.0204911,0.858467,-0.629766,0.00174297,-0.00525387,0.129946,
-0.0202033,0.862254,-0.624932,0.00222954,-0.00475289,0.13017,
-0.0202033,0.862254,-0.624932,0.00222954,-0.00475289,0.13017,
-0.0303348,0.854872,-0.62144,0.002521,-0.00381529,0.130147,
-0.0356895,0.847574,-0.620326,0.00332583,-0.00347281,0.130035,
-0.0356895,0.847574,-0.620326,0.00332583,-0.00347281,0.130035,
-0.0609827,0.855296,-0.624593,0.00329977,-0.00305465,0.130041,
-0.0705985,0.866374,-0.625223,0.00344402,-0.00275291,0.130086,
-0.0705985,0.866374,-0.625223,0.00344402,-0.00275291,0.130086,
-0.0673652,0.889696,-0.619932,0.00331974,-0.00243047,0.130257,
-0.0763055,0.90242,-0.623267,0.00293708,-0.00181641,0.13008,
-0.0875895,0.897442,-0.626148,0.00291318,-0.00139653,0.130306,
-0.0902742,0.911689,-0.627491,0.00359069,-0.00131117,0.130098,
-0.0902742,0.911689,-0.627491,0.00359069,-0.00131117,0.130098,
-0.0982001,0.904402,-0.637863,0.00404844,-0.000490717,0.129838,
-0.0982001,0.904402,-0.637863,0.00404844,-0.000490717,0.129838,
-0.0904966,0.902255,-0.638549,0.00443027,0.000190701,0.129674,
-0.0949289,0.903524,-0.645872,0.00451324,0.00077444,0.12916,
-0.0985711,0.892004,-0.644077,0.0054332,0.00144023,0.128794,
-0.0985711,0.892004,-0.644077,0.0054332,0.00144023,0.128794,
-0.103089,0.873244,-0.645769,0.00603578,0.00169293,0.128232,
-0.128277,0.85765,-0.64912,0.00684148,0.00217062,0.127399,
-0.128277,0.85765,-0.64912,0.00684148,0.00217062,0.127399,
-0.128546,0.851136,-0.652168,0.00848031,0.00248802,0.126717,
-0.139728,0.843028,-0.662294,0.0085641,0.00280373,0.125773,
-0.133878,0.851748,-0.677271,0.00909045,0.00340687,0.124917,
-0.133878,0.851748,-0.677271,0.00909045,0.00340687,0.124917,
-0.120429,0.86451,-0.692894,0.00942339,0.00403219,0.123863,
-0.13276,0.884319,-0.715537,0.00931841,0.0048461,0.122507,
-0.13276,0.884319,-0.715537,0.00931841,0.0048461,0.122507,
-0.13172,0.892143,-0.732742,0.00940271,0.00517075,0.12143,
-0.130665,0.921012,-0.742964,0.00957532,0.00558274,0.120002,
-0.131491,0.935768,-0.75216,0.00957924,0.0062279,0.118613,
-0.131491,0.935768,-0.75216,0.00957924,0.0062279,0.118613,
-0.136935,0.942501,-0.751765,0.010626,0.00662442,0.116952,
-0.144584,0.93216,-0.753508,0.0113823,0.00676383,0.115182,
-0.144584,0.93216,-0.753508,0.0113823,0.00676383,0.115182,
-0.149118,0.927211,-0.761101,0.0130226,0.00658417,0.113573,
-0.151945,0.917377,-0.765807,0.0141405,0.00668365,0.11188,
-0.161508,0.915208,-0.770063,0.0146166,0.00717705,0.109875,
-0.161508,0.915208,-0.770063,0.0146166,0.00717705,0.109875,
-0.170224,0.925696,-0.771901,0.015248,0.0079446,0.10792,
-0.190936,0.942207,-0.771112,0.0153422,0.00841992,0.106077,
-0.190936,0.942207,-0.771112,0.0153422,0.00841992,0.106077,
-0.205223,0.950832,-0.77357,0.0152786,0.00822881,0.105847,
-0.209725,0.966908,-0.776141,0.0149238,0.00775244,0.105927,
-0.221103,0.98503,-0.788382,0.0138831,0.00749418,0.106181,
-0.221103,0.98503,-0.788382,0.0138831,0.00749418,0.106181,
-0.220708,1.00596,-0.797545,0.0133262,0.00636841,0.106139,
-0.241862,1.02658,-0.80987,0.0124849,0.00467042,0.106369,
-0.241862,1.02658,-0.80987,0.0124849,0.00467042,0.106369,
-0.277606,1.04039,-0.820041,0.0115524,0.00204771,0.10627,
-0.313873,1.05008,-0.822724,0.0107571,-0.00106708,0.106276,
-0.341788,1.06519,-0.823487,0.00965439,-0.00443249,0.105697,
-0.341788,1.06519,-0.823487,0.00965439,-0.00443249,0.105697,
-0.382156,1.05603,-0.822672,0.00824263,-0.00756578,0.105501,
-0.416891,1.06403,-0.817279,0.00726923,-0.0110395,0.105674,
-0.416891,1.06403,-0.817279,0.00726923,-0.0110395,0.105674,
-0.461709,1.0615,-0.815429,0.00633199,-0.0139911,0.105336,
-0.487768,1.06678,-0.801057,0.00568477,-0.0162616,0.105522,
-0.499986,1.09672,-0.795506,0.00422277,-0.0182128,0.105352,
-0.499986,1.09672,-0.795506,0.00422277,-0.0182128,0.105352,
-0.523486,1.12729,-0.792648,0.0025051,-0.0195284,0.105367,
-0.529825,1.16326,-0.791108,0.000689827,-0.0214037,0.105516,
-0.529825,1.16326,-0.791108,0.000689827,-0.0214037,0.105516,
-0.548714,1.18693,-0.786531,-0.00155535,-0.0228808,0.105421,
-0.554644,1.20518,-0.783222,-0.00292526,-0.0244939,0.105409,
-0.582496,1.21307,-0.778206,-0.00432657,-0.0267642,0.105241,
-0.582496,1.21307,-0.778206,-0.00432657,-0.0267642,0.105241,
-0.614064,1.2269,-0.771631,-0.00558952,-0.0295566,0.104948,
-0.630909,1.23433,-0.750319,-0.00674019,-0.032217,0.104784,
-0.630909,1.23433,-0.750319,-0.00674019,-0.032217,0.104784,
-0.656617,1.25516,-0.733428,-0.0080981,-0.0347665,0.104664,
-0.685877,1.26044,-0.728567,-0.00934811,-0.0378088,0.104763,
-0.717517,1.2582,-0.7341,-0.0100493,-0.0409956,0.104934,
-0.717517,1.2582,-0.7341,-0.0100493,-0.0409956,0.104934,
-0.738753,1.2562,-0.766478,-0.0111981,-0.0435349,0.105055,
-0.758298,1.26693,-0.806399,-0.0116321,-0.0455706,0.105205,
-0.774704,1.28168,-0.862423,-0.0127037,-0.0476899,0.104997,
-0.774704,1.28168,-0.862423,-0.0127037,-0.0476899,0.104997,
-0.788616,1.31025,-0.931631,-0.0137697,-0.0503906,0.105007,
-0.789269,1.32917,-1.01538,-0.0149598,-0.0537954,0.104952,
-0.814093,1.33484,-1.10758,-0.0160622,-0.0574557,0.10517,
-0.827221,1.35414,-1.21687,-0.0173227,-0.0619494,0.105239,
-0.827221,1.35414,-1.21687,-0.0173227,-0.0619494,0.105239,
-0.847335,1.37878,-1.34126,-0.0197646,-0.0665856,0.105427,
-0.870574,1.41509,-1.47229,-0.0218403,-0.0717027,0.105307,
-0.870574,1.41509,-1.47229,-0.0218403,-0.0717027,0.105307,
-0.90284,1.44299,-1.60436,-0.0237825,-0.0772696,0.105018,
-0.951757,1.47014,-1.74983,-0.0259919,-0.083441,0.104736,
-0.951757,1.47014,-1.74983,-0.0259919,-0.083441,0.104736,
-1.00798,1.48558,-1.92121,-0.0282717,-0.0900836,0.104452,
-1.04781,1.50603,-2.10713,-0.0295623,-0.097231,0.104197,
-1.09527,1.53228,-2.31844,-0.0320033,-0.105121,0.104041,
-1.09527,1.53228,-2.31844,-0.0320033,-0.105121,0.104041,
-1.13788,1.5681,-2.55948,-0.0350045,-0.114318,0.10413,
-1.19605,1.63867,-2.85708,-0.0402834,-0.124312,0.104164,
-1.19605,1.63867,-2.85708,-0.0402834,-0.124312,0.104164,
-1.25675,1.71118,-3.18663,-0.0462056,-0.134751,0.103833,
-1.3212,1.80378,-3.56691,-0.0539094,-0.145953,0.10366,
-1.39894,1.91641,-3.99811,-0.0637961,-0.158889,0.102639,
-1.39894,1.91641,-3.99811,-0.0637961,-0.158889,0.102639,
-1.50248,2.03058,-4.44396,-0.0751072,-0.172172,0.102259,
-1.59755,2.16245,-4.91194,-0.0874764,-0.185044,0.101378,
-1.59755,2.16245,-4.91194,-0.0874764,-0.185044,0.101378,
-1.6687,2.30242,-5.41784,-0.100884,-0.197156,0.100601,
-1.7395,2.45195,-5.95246,-0.114993,-0.208439,0.100229,
-1.81037,2.60269,-6.49278,-0.129399,-0.219707,0.099419,
-1.81037,2.60269,-6.49278,-0.129399,-0.219707,0.099419,
-1.88572,2.76671,-7.04603,-0.144466,-0.230681,0.0984506,
-1.94582,2.92361,-7.60262,-0.160019,-0.24098,0.0980488,
-1.94582,2.92361,-7.60262,-0.160019,-0.24098,0.0980488,
-2.00797,3.08369,-8.17833,-0.175657,-0.250206,0.0973095,
-2.06745,3.20628,-8.74539,-0.190148,-0.258347,0.0964449,
-2.12191,3.32622,-9.3099,-0.204238,-0.266419,0.0956045,
-2.12191,3.32622,-9.3099,-0.204238,-0.266419,0.0956045,
-2.1757,3.45661,-9.86029,-0.218766,-0.274191,0.0945617,
-2.22898,3.6005,-10.3715,-0.233842,-0.282274,0.0938449,
-2.22898,3.6005,-10.3715,-0.233842,-0.282274,0.0938449,
-2.28955,3.748,-10.8611,-0.249772,-0.290485,0.0928911,
-2.33488,3.87904,-11.3377,-0.265511,-0.298366,0.0922309,
-2.37972,3.97693,-11.7966,-0.280156,-0.305202,0.0915013,
-2.37972,3.97693,-11.7966,-0.280156,-0.305202,0.0915013,
-2.42171,4.06851,-12.2293,-0.292993,-0.31188,0.0909714,
-2.46426,4.15506,-12.6518,-0.306065,-0.318328,0.0900249,
-2.49382,4.24637,-13.0422,-0.319297,-0.323584,0.08945,
-2.51297,4.33,-13.4059,-0.331525,-0.327734,0.0886753,
-2.51297,4.33,-13.4059,-0.331525,-0.327734,0.0886753,
-2.52598,4.40754,-13.7693,-0.343566,-0.331627,0.0878278,
-2.52598,4.40754,-13.7693,-0.343566,-0.331627,0.0878278,
-2.53849,4.48241,-14.1181,-0.355663,-0.334933,0.0872583,
-2.53181,4.54892,-14.4537,-0.367651,-0.336696,0.0865649,
-2.50611,4.63923,-14.7669,-0.379798,-0.336665,0.0858228,
-2.50611,4.63923,-14.7669,-0.379798,-0.336665,0.0858228,
-2.46788,4.74178,-15.0657,-0.393139,-0.334779,0.0853974,
-2.39703,4.85104,-15.3404,-0.406242,-0.330601,0.0847717,
-2.31994,4.95111,-15.5941,-0.418367,-0.324022,0.084279,
-2.31994,4.95111,-15.5941,-0.418367,-0.324022,0.084279,
-2.23852,5.02509,-15.7996,-0.427623,-0.316533,0.083717,
-2.16187,5.07545,-15.9661,-0.435933,-0.308589,0.0831504,
-2.16187,5.07545,-15.9661,-0.435933,-0.308589,0.0831504,
-2.08759,5.11103,-16.0898,-0.44286,-0.300225,0.0823556,
-1.99465,5.13232,-16.1706,-0.447358,-0.290501,0.082083,
-1.88622,5.13892,-16.2432,-0.450454,-0.279721,0.0815184,
-1.88622,5.13892,-16.2432,-0.450454,-0.279721,0.0815184,
-1.77894,5.12858,-16.2901,-0.453144,-0.268925,0.0814963,
-1.70217,5.11407,-16.3083,-0.454354,-0.258691,0.0811687,
-1.64768,5.07924,-16.306,-0.454111,-0.249873,0.0806793,
-1.5897,5.03189,-16.2987,-0.453308,-0.241419,0.0804527,
-1.5897,5.03189,-16.2987,-0.453308,-0.241419,0.0804527,
-1.52299,4.96702,-16.295,-0.451553,-0.232835,0.0801372,
-1.47901,4.92432,-16.2968,-0.449871,-0.224235,0.0797251,
-1.47901,4.92432,-16.2968,-0.449871,-0.224235,0.0797251,
-1.43476,4.88178,-16.3056,-0.448648,-0.21736,0.0796369,
-1.41188,4.86779,-16.3268,-0.447911,-0.212448,0.0787252,
-1.38762,4.84823,-16.3542,-0.448031,-0.208096,0.0781003,
-1.38762,4.84823,-16.3542,-0.448031,-0.208096,0.0781003,
-1.34648,4.82948,-16.4074,-0.44787,-0.203874,0.0777517,
-1.30177,4.81078,-16.5128,-0.447923,-0.199535,0.0773386,
-1.30177,4.81078,-16.5128,-0.447923,-0.199535,0.0773386,
-1.24486,4.77282,-16.6463,-0.447686,-0.195838,0.0775738,
-1.23831,4.73731,-16.7926,-0.447055,-0.193311,0.0775971,
-1.25225,4.72292,-16.958,-0.447481,-0.193106,0.0772558,
-1.25225,4.72292,-16.958,-0.447481,-0.193106,0.0772558,
-1.27565,4.7411,-17.1384,-0.450148,-0.193768,0.076728,
-1.28281,4.7826,-17.3293,-0.453415,-0.19448,0.0764964,
-1.28363,4.81852,-17.542,-0.456375,-0.195319,0.0763411,
-1.28363,4.81852,-17.542,-0.456375,-0.195319,0.0763411,
-1.29977,4.82821,-17.7815,-0.459031,-0.196665,0.0762212,
-1.31823,4.8122,-18.0376,-0.460565,-0.199231,0.0761396,
-1.31823,4.8122,-18.0376,-0.460565,-0.199231,0.0761396,
-1.34327,4.79545,-18.3053,-0.461148,-0.203349,0.0759517,
-1.37541,4.7941,-18.5662,-0.461247,-0.208175,0.0758072,
-1.41814,4.79022,-18.8182,-0.461595,-0.213599,0.0756317,
-1.41814,4.79022,-18.8182,-0.461595,-0.213599,0.0756317,
-1.47839,4.78285,-19.0645,-0.462096,-0.220311,0.0753099,
-1.55526,4.75301,-19.3135,-0.460805,-0.228423,0.0751568,
-1.55526,4.75301,-19.3135,-0.460805,-0.228423,0.0751568,
-1.65761,4.70404,-19.5533,-0.458529,-0.237805,0.074649,
-1.75493,4.65168,-19.7882,-0.455862,-0.247699,0.0739378,
-1.82888,4.60652,-20.0235,-0.452849,-0.257722,0.073252,
-1.82888,4.60652,-20.0235,-0.452849,-0.257722,0.073252,
-1.90376,4.57646,-20.2468,-0.449351,-0.267046,0.0730982,
-1.96515,4.5424,-20.4634,-0.445678,-0.276868,0.072654,
-1.96515,4.5424,-20.4634,-0.445678,-0.276868,0.072654,
-2.05349,4.49506,-20.6564,-0.441259,-0.287226,0.0723451,
-2.14676,4.45647,-20.8399,-0.43501,-0.297985,0.0716379,
-2.22986,4.40219,-21.0068,-0.428532,-0.307998,0.0708626,
-2.22986,4.40219,-21.0068,-0.428532,-0.307998,0.0708626,
-2.27609,4.36193,-21.156,-0.422147,-0.317387,0.0700933,
-2.3353,4.32878,-21.2913,-0.415338,-0.325421,0.0694133,
-2.3353,4.32878,-21.2913,-0.415338,-0.325421,0.0694133,
-2.38114,4.28015,-21.4121,-0.407584,-0.333241,0.0688032,
-2.4273,4.22134,-21.5272,-0.398784,-0.341339,0.0677979,
-2.4579,4.16823,-21.6158,-0.389888,-0.347881,0.0666706,
-2.4579,4.16823,-21.6158,-0.389888,-0.347881,0.0666706,
-2.4458,4.1069,-21.685,-0.380939,-0.351771,0.0664086,
-2.41353,4.05847,-21.7375,-0.371414,-0.353999,0.0660247,
-2.41353,4.05847,-21.7375,-0.371414,-0.353999,0.0660247,
-2.38812,3.99491,-21.7767,-0.361825,-0.355127,0.0657037,
-2.35711,3.90962,-21.7789,-0.351006,-0.35582,0.0650756,
-2.36888,3.82314,-21.7525,-0.34034,-0.355718,0.0633206,
-2.36888,3.82314,-21.7525,-0.34034,-0.355718,0.0633206,
-2.36882,3.74054,-21.6992,-0.329717,-0.354682,0.0614271,
-2.33664,3.68252,-21.6216,-0.31935,-0.351626,0.0600176,
-2.33664,3.68252,-21.6216,-0.31935,-0.351626,0.0600176,
-2.27887,3.62591,-21.5323,-0.309142,-0.345592,0.0588906,
-2.19406,3.54287,-21.4335,-0.298131,-0.337893,0.0578564,
-2.19406,3.54287,-21.4335,-0.298131,-0.337893,0.0578564,
-2.12474,3.44958,-21.3334,-0.286634,-0.330278,0.0564247,
-2.06853,3.3604,-21.213,-0.274672,-0.322984,0.0551824,
-2.02004,3.29637,-21.059,-0.263535,-0.314816,0.0534751,
-2.02004,3.29637,-21.059,-0.263535,-0.314816,0.0534751,
-1.95585,3.24169,-20.8762,-0.253912,-0.305613,0.0518439,
-1.88723,3.18127,-20.688,-0.244756,-0.295545,0.0504252,
-1.88723,3.18127,-20.688,-0.244756,-0.295545,0.0504252,
-1.81255,3.10223,-20.5021,-0.234932,-0.28503,0.049157,
-1.72632,2.99819,-20.3184,-0.223517,-0.274477,0.0478833,
-1.64617,2.90871,-20.1398,-0.212387,-0.264192,0.0464211,
-1.64617,2.90871,-20.1398,-0.212387,-0.264192,0.0464211,
-1.55326,2.83856,-19.9559,-0.20295,-0.25365,0.0452427,
-1.44416,2.78041,-19.7547,-0.194757,-0.241892,0.0445855,
-1.44416,2.78041,-19.7547,-0.194757,-0.241892,0.0445855,
-1.36755,2.72103,-19.5518,-0.187043,-0.230285,0.0438063,
-1.3112,2.64406,-19.3634,-0.178298,-0.221149,0.0428713,
-1.30907,2.53752,-19.1761,-0.168444,-0.213944,0.0415194,
-1.30907,2.53752,-19.1761,-0.168444,-0.213944,0.0415194,
-1.28754,2.4604,-19.0002,-0.15901,-0.20828,0.0398252,
-1.23516,2.40029,-18.8182,-0.15111,-0.202132,0.0387248,
-1.23516,2.40029,-18.8182,-0.15111,-0.202132,0.0387248,
-1.14822,2.37006,-18.6506,-0.144713,-0.19589,0.0385684,
-1.07871,2.32953,-18.4997,-0.138387,-0.190539,0.0385206,
-1.0345,2.26578,-18.3669,-0.131227,-0.188338,0.038193,
-1.0345,2.26578,-18.3669,-0.131227,-0.188338,0.038193,
-1.02506,2.19188,-18.2276,-0.123774,-0.188762,0.0373173,
-1.05199,2.0965,-18.0778,-0.116619,-0.190561,0.0361914,
-1.05199,2.0965,-18.0778,-0.116619,-0.190561,0.0361914,
-1.0838,2.015,-17.9239,-0.10946,-0.194563,0.0354366,
-1.11618,1.96219,-17.7771,-0.103216,-0.199276,0.035035,
-1.13746,1.90059,-17.6522,-0.0971533,-0.204367,0.0344677,
-1.13746,1.90059,-17.6522,-0.0971533,-0.204367,0.0344677,
-1.1782,1.82096,-17.5287,-0.0898239,-0.211164,0.0338306,
-1.24968,1.74201,-17.4267,-0.0818097,-0.219966,0.0331013,
-1.24968,1.74201,-17.4267,-0.0818097,-0.219966,0.0331013,
-1.30126,1.68035,-17.3367,-0.0736655,-0.229475,0.0329263,
-1.33934,1.65058,-17.2535,-0.0669357,-0.238596,0.0331414,
-1.39243,1.62749,-17.1721,-0.0603252,-0.247933,0.0329238,
-1.39243,1.62749,-17.1721,-0.0603252,-0.247933,0.0329238,
-1.47982,1.59149,-17.1011,-0.0530585,-0.258909,0.0324497,
-1.57708,1.56229,-17.0473,-0.0456251,-0.27169,0.0317952,
-1.57708,1.56229,-17.0473,-0.0456251,-0.27169,0.0317952,
-1.67889,1.52682,-17.0033,-0.0386429,-0.283753,0.0312964,
-1.73068,1.51133,-16.962,-0.0324613,-0.295143,0.0311498,
-1.77967,1.46532,-16.9316,-0.0273963,-0.305219,0.031423,
-1.77967,1.46532,-16.9316,-0.0273963,-0.305219,0.031423,
-1.84411,1.38856,-16.9306,-0.0209683,-0.315366,0.0312872,
-1.93187,1.27988,-16.9427,-0.0133167,-0.32712,0.0306314,
-2.0255,1.20851,-16.9633,-0.00603413,-0.33923,0.0297887,
-2.0255,1.20851,-16.9633,-0.00603413,-0.33923,0.0297887,
-2.10475,1.19603,-16.9854,-0.00122191,-0.349292,0.029195,
-2.15021,1.22688,-17.0098,0.00102785,-0.357021,0.0289645,
-2.15021,1.22688,-17.0098,0.00102785,-0.357021,0.0289645,
-2.1836,1.27573,-17.0473,0.00376433,-0.364224,0.0289219,
-2.23626,1.29001,-17.1132,0.007183,-0.372649,0.0283236,
-2.29736,1.27815,-17.1944,0.0107168,-0.382245,0.027375,
-2.29736,1.27815,-17.1944,0.0107168,-0.382245,0.027375,
-2.3653,1.27759,-17.2747,0.0134083,-0.390518,0.0263101,
-2.36176,1.34202,-17.3542,0.0128892,-0.396187,0.0259997,
-2.36176,1.34202,-17.3542,0.0128892,-0.396187,0.0259997,
-2.30509,1.41931,-17.4203,0.00956519,-0.398412,0.0266464,
-2.26549,1.45245,-17.4968,0.00606836,-0.399899,0.0272622,
-2.29961,1.41232,-17.5647,0.00496979,-0.403383,0.0268132,
-2.29961,1.41232,-17.5647,0.00496979,-0.403383,0.0268132,
-2.35966,1.31352,-17.6272,0.00610495,-0.408643,0.0255043,
-2.41627,1.22907,-17.6677,0.00615156,-0.412492,0.0238431,
-2.41627,1.22907,-17.6677,0.00615156,-0.412492,0.0238431,
-2.43296,1.23389,-17.6794,0.00298871,-0.412031,0.0233072,
-2.34892,1.31632,-17.6786,-0.00230034,-0.407628,0.0237598,
-2.23816,1.38856,-17.6797,-0.0070299,-0.400382,0.0245032,
-2.23816,1.38856,-17.6797,-0.0070299,-0.400382,0.0245032,
-2.16996,1.42161,-17.6779,-0.00965858,-0.393762,0.0244644,
-2.16296,1.42612,-17.654,-0.0103353,-0.388364,0.0233707,
-2.16296,1.42612,-17.654,-0.0103353,-0.388364,0.0233707,
-2.16185,1.44402,-17.6056,-0.0117868,-0.382829,0.0222767,
-2.13876,1.49161,-17.5214,-0.0155874,-0.375444,0.021298,
-2.07229,1.55853,-17.3961,-0.0201561,-0.366342,0.0207709,
-2.07229,1.55853,-17.3961,-0.0201561,-0.366342,0.0207709,
-1.99527,1.58864,-17.26,-0.0237789,-0.356359,0.0202725,
-1.90972,1.54731,-17.1245,-0.0253365,-0.347083,0.0198259,
-1.90972,1.54731,-17.1245,-0.0253365,-0.347083,0.0198259,
-1.82788,1.46001,-16.9789,-0.0245873,-0.338211,0.0194376,
-1.75776,1.38621,-16.8095,-0.0237341,-0.329139,0.0189165,
-1.66914,1.35488,-16.609,-0.0237949,-0.319742,0.0186999,
-1.66914,1.35488,-16.609,-0.0237949,-0.319742,0.0186999,
-1.59516,1.36078,-16.3866,-0.0247919,-0.309364,0.0182446,
-1.51695,1.38899,-16.1525,-0.0251444,-0.299245,0.0178616,
-1.51695,1.38899,-16.1525,-0.0251444,-0.299245,0.0178616,
-1.45794,1.41887,-15.9066,-0.0248198,-0.289985,0.0172062,
-1.42689,1.44758,-15.6551,-0.0242378,-0.28165,0.016795,
-1.40739,1.43376,-15.3975,-0.0228568,-0.274253,0.015996,
-1.40739,1.43376,-15.3975,-0.0228568,-0.274253,0.015996,
-1.38246,1.40461,-15.1445,-0.0208001,-0.267788,0.0151809,
-1.3385,1.37244,-14.8894,-0.0179792,-0.261883,0.0148123,
-1.29134,1.33112,-14.6304,-0.0156682,-0.255952,0.0147019,
-1.29134,1.33112,-14.6304,-0.0156682,-0.255952,0.0147019,
-1.23788,1.30544,-14.3768,-0.0129559,-0.250386,0.0150159,
-1.19737,1.26937,-14.1263,-0.00986118,-0.244911,0.0151665,
-1.19737,1.26937,-14.1263,-0.00986118,-0.244911,0.0151665,
-1.14964,1.21881,-13.8723,-0.00622123,-0.240633,0.0150957,
-1.15694,1.1204,-13.6241,-0.00166181,-0.237755,0.0148748,
-1.20157,1.02722,-13.4011,0.00498451,-0.23712,0.0138177,
-1.20157,1.02722,-13.4011,0.00498451,-0.23712,0.0138177,
-1.24243,0.98085,-13.1873,0.0113806,-0.237397,0.0133964,
-1.24277,0.980982,-12.9914,0.0160592,-0.236146,0.0129264,
-1.24277,0.980982,-12.9914,0.0160592,-0.236146,0.0129264,
-1.21558,1.03167,-12.8115,0.0190287,-0.232961,0.0133828,
-1.17556,1.08334,-12.6531,0.022196,-0.22987,0.0140537,
-1.15732,1.07591,-12.5291,0.0270058,-0.228746,0.014443,
-1.15732,1.07591,-12.5291,0.0270058,-0.228746,0.014443,
-1.19508,1.01323,-12.4199,0.0328451,-0.229935,0.0142747,
-1.25849,0.946854,-12.3158,0.038458,-0.232533,0.0135554,
-1.25849,0.946854,-12.3158,0.038458,-0.232533,0.0135554,
-1.31559,0.876398,-12.2249,0.0435256,-0.235444,0.0129431,
-1.36142,0.819023,-12.1416,0.0473565,-0.238077,0.0134242,
-1.37397,0.786777,-12.0844,0.0508449,-0.240841,0.0134161,
-1.37397,0.786777,-12.0844,0.0508449,-0.240841,0.0134161,
-1.37311,0.753915,-12.0367,0.054873,-0.243732,0.0139327,
-1.40478,0.712065,-12.012,0.0589013,-0.247243,0.0139068,
-1.40478,0.712065,-12.012,0.0589013,-0.247243,0.0139068,
-1.4426,0.690645,-11.9942,0.0632731,-0.251875,0.0137666,
-1.49232,0.702723,-11.9616,0.066679,-0.25619,0.0137781,
-1.5363,0.733032,-11.9283,0.0684486,-0.260462,0.0136222,
-1.5363,0.733032,-11.9283,0.0684486,-0.260462,0.0136222,
-1.59144,0.747643,-11.8851,0.0700727,-0.264697,0.013678,
-1.65325,0.733299,-11.8399,0.0726754,-0.269899,0.0132664,
-1.65325,0.733299,-11.8399,0.0726754,-0.269899,0.0132664,
-1.7238,0.687596,-11.8069,0.0757749,-0.275899,0.0129133,
-1.79586,0.653346,-11.7728,0.0780399,-0.281988,0.0127976,
-1.81975,0.631542,-11.7221,0.0793197,-0.286521,0.0128596,
-1.81975,0.631542,-11.7221,0.0793197,-0.286521,0.0128596,
-1.8079,0.627925,-11.6516,0.0797243,-0.289032,0.0131776,
-1.77871,0.625435,-11.5715,0.0801077,-0.291432,0.0137553,
-1.77871,0.625435,-11.5715,0.0801077,-0.291432,0.0137553,
-1.77904,0.594126,-11.4684,0.0817594,-0.293999,0.0140439,
-1.81741,0.550623,-11.3559,0.0836044,-0.296619,0.013992,
-1.848,0.509665,-11.234,0.0852175,-0.298353,0.0132259,
-1.848,0.509665,-11.234,0.0852175,-0.298353,0.0132259,
-1.87189,0.490524,-11.0882,0.0855093,-0.297788,0.0126861,
-1.86045,0.525168,-10.9387,0.0843886,-0.295424,0.0124527,
-1.80833,0.579785,-10.7831,0.0828089,-0.290832,0.0126471,
-1.80833,0.579785,-10.7831,0.0828089,-0.290832,0.0126471,
-1.72623,0.643874,-10.6242,0.0817683,-0.285139,0.0128713,
-1.65099,0.667918,-10.4451,0.081088,-0.279089,0.0131154,
-1.65099,0.667918,-10.4451,0.081088,-0.279089,0.0131154,
-1.59703,0.633185,-10.2512,0.0824296,-0.273058,0.0125896,
-1.55413,0.601604,-10.0455,0.0843945,-0.26743,0.0124509,
-1.50746,0.563678,-9.82106,0.0857043,-0.260818,0.0120523,
-1.50746,0.563678,-9.82106,0.0857043,-0.260818,0.0120523,
-1.44031,0.542044,-9.58033,0.0868493,-0.25355,0.011822,
-1.3869,0.525435,-9.33705,0.0872633,-0.246545,0.0114485,
-1.3869,0.525435,-9.33705,0.0872633,-0.246545,0.0114485,
-1.32433,0.493171,-9.10383,0.0887622,-0.239664,0.0111287,
-1.26626,0.466231,-8.87882,0.0904054,-0.232787,0.0108024,
-1.20143,0.470454,-8.651,0.0903895,-0.225892,0.0107882,
-1.20143,0.470454,-8.651,0.0903895,-0.225892,0.0107882,
-1.12986,0.515511,-8.43599,0.0900129,-0.218797,0.0103363,
-1.06919,0.560293,-8.22144,0.0886706,-0.211663,0.0104265,
-1.06919,0.560293,-8.22144,0.0886706,-0.211663,0.0104265,
-1.02033,0.586568,-8.03075,0.0876865,-0.205304,0.0103493,
-0.979566,0.589222,-7.85184,0.0884925,-0.200595,0.0100842,
-0.947647,0.599427,-7.67461,0.0880298,-0.196944,0.00982058,
-0.947647,0.599427,-7.67461,0.0880298,-0.196944,0.00982058,
-0.895853,0.615391,-7.51515,0.0865659,-0.192947,0.00972111,
-0.849701,0.627348,-7.36145,0.085006,-0.188276,0.0102718,
-0.849701,0.627348,-7.36145,0.085006,-0.188276,0.0102718,
-0.806457,0.620829,-7.24133,0.084401,-0.184817,0.0105197,
-0.776645,0.579332,-7.15217,0.0855095,-0.18258,0.010444,
-0.767992,0.548891,-7.08214,0.0868393,-0.181157,0.0101761,
-0.767992,0.548891,-7.08214,0.0868393,-0.181157,0.0101761,
-0.739919,0.559936,-7.01104,0.0875503,-0.179823,0.00990605,
-0.70933,0.605073,-6.93851,0.0866728,-0.177468,0.0101157,
-0.70933,0.605073,-6.93851,0.0866728,-0.177468,0.0101157,
-0.672259,0.652573,-6.87974,0.0851908,-0.174849,0.0102288,
-0.652135,0.65178,-6.8324,0.0848385,-0.17178,0.0102745,
-0.652135,0.65178,-6.8324,0.0848385,-0.17178,0.0102745,
-0.622949,0.644725,-6.81246,0.0862483,-0.169308,0.0102827,
-0.5942,0.646352,-6.80011,0.0865922,-0.166536,0.0105444,
-0.564511,0.671767,-6.7802,0.0862443,-0.162934,0.0107226,
-0.564511,0.671767,-6.7802,0.0862443,-0.162934,0.0107226,
-0.52313,0.722313,-6.75535,0.0852117,-0.160319,0.0108251,
-0.506082,0.760385,-6.71787,0.0846992,-0.158668,0.0110601,
-0.506082,0.760385,-6.71787,0.0846992,-0.158668,0.0110601,
-0.53204,0.742502,-6.69152,0.0848105,-0.157379,0.0108277,
-0.558897,0.722791,-6.6685,0.0855651,-0.157148,0.010714,
-0.598072,0.706529,-6.66044,0.0864617,-0.157217,0.0103948,
-0.612254,0.708746,-6.65766,0.0866339,-0.157244,0.0102548,
-0.612254,0.708746,-6.65766,0.0866339,-0.157244,0.0102548,
-0.620786,0.73311,-6.66679,0.0855174,-0.15689,0.0102263,
-0.620786,0.73311,-6.66679,0.0855174,-0.15689,0.0102263,
-0.632663,0.765786,-6.68624,0.0845058,-0.157736,0.0103409,
-0.671638,0.78611,-6.71574,0.0838703,-0.159994,0.00997362,
-0.702292,0.80269,-6.73995,0.0826791,-0.162997,0.010089,
-0.702292,0.80269,-6.73995,0.0826791,-0.162997,0.010089,
-0.738826,0.82262,-6.7334,0.0812565,-0.165903,0.00999002,
-0.772196,0.835242,-6.71186,0.0793499,-0.168971,0.0103104,
-0.772196,0.835242,-6.71186,0.0793499,-0.168971,0.0103104,
-0.786079,0.824429,-6.69754,0.0784075,-0.1723,0.0106658,
-0.787405,0.748416,-6.69121,0.0791492,-0.17533,0.0112414,
-0.829681,0.652522,-6.70904,0.0821998,-0.179169,0.0111436,
-0.829681,0.652522,-6.70904,0.0821998,-0.179169,0.0111436,
-0.89366,0.610531,-6.737,0.0845395,-0.183542,0.0106161,
-0.924102,0.678193,-6.75576,0.082505,-0.185704,0.0109392,
-0.924102,0.678193,-6.75576,0.082505,-0.185704,0.0109392,
-0.891717,0.805531,-6.76938,0.0773652,-0.184216,0.0116153,
-0.871198,0.91452,-6.78697,0.0725118,-0.182022,0.012135,
-0.870917,0.961336,-6.82425,0.0709176,-0.182558,0.0121605,
-0.870917,0.961336,-6.82425,0.0709176,-0.182558,0.0121605,
-0.917993,0.935829,-6.86571,0.0721349,-0.184594,0.0114368,
-0.971585,0.914831,-6.89341,0.0727105,-0.186621,0.0112625,
-0.971585,0.914831,-6.89341,0.0727105,-0.186621,0.0112625,
-0.974821,0.924862,-6.89204,0.0711189,-0.187686,0.0113783,
-0.963088,0.944504,-6.89101,0.0681909,-0.187038,0.0117122,
-0.963482,0.937963,-6.91211,0.066481,-0.187056,0.0122797,
-0.963482,0.937963,-6.91211,0.066481,-0.187056,0.0122797,
-0.982499,0.889942,-6.96232,0.0669657,-0.188594,0.0122411,
-0.996543,0.867495,-7.02981,0.0681434,-0.191093,0.0122759,
-0.996543,0.867495,-7.02981,0.0681434,-0.191093,0.0122759,
-1.01589,0.861265,-7.09672,0.0669815,-0.192982,0.0123371,
-1.03206,0.867569,-7.15445,0.0658233,-0.194636,0.0121065,
-1.05921,0.868355,-7.2125,0.0649323,-0.197379,0.0125829,
-1.05921,0.868355,-7.2125,0.0649323,-0.197379,0.0125829,
-1.10494,0.841445,-7.28236,0.0652447,-0.200621,0.0121782,
-1.1413,0.792863,-7.36709,0.0668331,-0.204105,0.0118828,
-1.1413,0.792863,-7.36709,0.0668331,-0.204105,0.0118828,
-1.1537,0.773177,-7.45205,0.0679921,-0.207771,0.0119786,
-1.16845,0.749165,-7.54019,0.0696419,-0.209967,0.01167,
-1.15761,0.73392,-7.61202,0.0706477,-0.211862,0.0119621,
-1.15761,0.73392,-7.61202,0.0706477,-0.211862,0.0119621,
-1.16512,0.736491,-7.68603,0.0705409,-0.213295,0.0121451,
-1.16779,0.713884,-7.72869,0.0719024,-0.214353,0.0124723,
-1.16779,0.713884,-7.72869,0.0719024,-0.214353,0.0124723,
-1.17153,0.694649,-7.75692,0.0731046,-0.215124,0.0123027,
-1.17756,0.656534,-7.77557,0.0746366,-0.21463,0.0123868,
-1.1569,0.622088,-7.79611,0.0779185,-0.212996,0.0119514,
-1.1569,0.622088,-7.79611,0.0779185,-0.212996,0.0119514,
-1.14212,0.616264,-7.83773,0.0803862,-0.210875,0.01166,
-1.12615,0.635806,-7.87864,0.0817713,-0.207622,0.0113292,
-1.12615,0.635806,-7.87864,0.0817713,-0.207622,0.0113292,
-1.11612,0.698986,-7.89273,0.0816495,-0.203629,0.0110688,
-1.11085,0.804123,-7.87739,0.07925,-0.199708,0.0105239,
-1.08098,0.911908,-7.81268,0.0757023,-0.194621,0.0104842,
-1.08098,0.911908,-7.81268,0.0757023,-0.194621,0.0104842,
-1.03205,0.964597,-7.71434,0.0726731,-0.189277,0.010841,
-1.00537,0.891748,-7.62917,0.073527,-0.18476,0.0105348,
-1.00537,0.891748,-7.62917,0.073527,-0.18476,0.0105348,
-1.01461,0.715087,-7.55826,0.0793221,-0.182314,0.0101713,
-1.03042,0.568104,-7.49802,0.0855635,-0.180091,0.00967816,
-1.03042,0.568104,-7.49802,0.0855635,-0.180091,0.00967816,
-1.01019,0.513137,-7.42421,0.0878377,-0.175462,0.00946046,
-0.920152,0.61575,-7.34003,0.0841668,-0.167944,0.0105493,
-0.803714,0.767299,-7.26236,0.0781571,-0.158978,0.0115661,
-0.803714,0.767299,-7.26236,0.0781571,-0.158978,0.0115661,
-0.735681,0.849834,-7.21738,0.0750772,-0.151172,0.0119238,
-0.713466,0.867694,-7.20077,0.0756078,-0.146373,0.0119209,
-0.713466,0.867694,-7.20077,0.0756078,-0.146373,0.0119209,
-0.710565,0.845512,-7.18458,0.0775852,-0.143058,0.0112859,
-0.704095,0.864638,-7.13441,0.0770363,-0.139713,0.0112007,
-0.693142,0.918233,-7.05493,0.0732302,-0.135853,0.0112498,
-0.693142,0.918233,-7.05493,0.0732302,-0.135853,0.0112498,
-0.664529,0.957144,-6.96411,0.0699996,-0.132472,0.0115807,
-0.649822,0.940953,-6.89079,0.0689132,-0.131003,0.0115935,
-0.649822,0.940953,-6.89079,0.0689132,-0.131003,0.0115935,
-0.64647,0.877122,-6.84734,0.069009,-0.130662,0.0117851,
-0.628511,0.784882,-6.81754,0.070183,-0.130361,0.0121692,
-0.600528,0.721481,-6.78502,0.0706746,-0.12974,0.0127842,
-0.600528,0.721481,-6.78502,0.0706746,-0.12974,0.0127842,
-0.592501,0.681629,-6.73622,0.0707186,-0.130338,0.0131446,
-0.599451,0.681607,-6.66366,0.068619,-0.131794,0.0138982,
-0.599451,0.681607,-6.66366,0.068619,-0.131794,0.0138982,
-0.610957,0.727372,-6.59593,0.0653487,-0.13217,0.0143293,
-0.605562,0.781417,-6.5355,0.0621966,-0.132085,0.0149447,
-0.629062,0.831029,-6.51419,0.0595282,-0.132755,0.0147729,
-0.629062,0.831029,-6.51419,0.0595282,-0.132755,0.0147729,
-0.660895,0.875133,-6.51146,0.0582586,-0.134155,0.0150739,
-0.672583,0.946234,-6.50591,0.0561972,-0.13504,0.0153078,
-0.672583,0.946234,-6.50591,0.0561972,-0.13504,0.0153078,
-0.676148,1.03872,-6.48848,0.0520043,-0.135277,0.0157247,
-0.663437,1.12304,-6.45312,0.047349,-0.135092,0.01656,
-0.654354,1.17146,-6.43141,0.044628,-0.136127,0.0169374,
-0.654354,1.17146,-6.43141,0.044628,-0.136127,0.0169374,
-0.678009,1.1346,-6.4285,0.0446495,-0.137815,0.0171785,
-0.697322,1.06242,-6.44076,0.0464276,-0.140185,0.0175519,
-0.701329,1.00708,-6.47344,0.0477689,-0.142487,0.0177254,
-0.701329,1.00708,-6.47344,0.0477689,-0.142487,0.0177254,
-0.691353,0.994106,-6.50815,0.0479115,-0.143241,0.0181243,
-0.669862,1.05973,-6.54076,0.0451716,-0.143662,0.0187964,
-0.669862,1.05973,-6.54076,0.0451716,-0.143662,0.0187964,
-0.653907,1.16157,-6.5744,0.0408852,-0.143904,0.0193857,
-0.628617,1.23876,-6.6094,0.036527,-0.144694,0.0203143,
-0.634701,1.24541,-6.65219,0.0346977,-0.146244,0.0206471,
-0.634701,1.24541,-6.65219,0.0346977,-0.146244,0.0206471,
-0.677666,1.16041,-6.68559,0.0365424,-0.150312,0.0199213,
-0.742883,1.07116,-6.70883,0.0392327,-0.155977,0.0197473,
-0.742883,1.07116,-6.70883,0.0392327,-0.155977,0.0197473,
-0.776119,1.03255,-6.71538,0.0395157,-0.160293,0.0197291,
-0.761843,1.0423,-6.7132,0.0371564,-0.162834,0.0203083,
-0.757241,1.07966,-6.72471,0.0338217,-0.164561,0.0213139,
-0.757241,1.07966,-6.72471,0.0338217,-0.164561,0.0213139,
-0.749195,1.06815,-6.76624,0.033376,-0.167524,0.0217251,
-0.787276,1.02081,-6.81226,0.0359789,-0.172202,0.0217926,
-0.787276,1.02081,-6.81226,0.0359789,-0.172202,0.0217926,
-0.864011,0.982767,-6.86814,0.037312,-0.177723,0.021223,
-0.898397,1.00543,-6.89539,0.0368797,-0.181288,0.0216607,
-0.89299,1.09614,-6.91701,0.034257,-0.183149,0.0219373,
-0.89299,1.09614,-6.91701,0.034257,-0.183149,0.0219373,
-0.89934,1.19438,-6.92833,0.0310766,-0.1849,0.0227215,
-0.925505,1.25252,-6.93192,0.0296966,-0.187915,0.0225487,
-0.925505,1.25252,-6.93192,0.0296966,-0.187915,0.0225487,
-0.950599,1.29699,-6.93892,0.0292211,-0.190606,0.0224026,
-0.961287,1.32341,-6.93881,0.0286391,-0.191494,0.0223332,
-0.947549,1.36009,-6.93781,0.0275632,-0.191694,0.0224313,
-0.947549,1.36009,-6.93781,0.0275632,-0.191694,0.0224313,
-0.940212,1.37712,-6.92272,0.0267396,-0.191351,0.0225629,
-0.921308,1.37021,-6.89165,0.0267514,-0.191348,0.0225852,
-0.921308,1.37021,-6.89165,0.0267514,-0.191348,0.0225852,
-0.930575,1.34451,-6.84376,0.0266741,-0.191162,0.0222094,
-0.924753,1.31731,-6.79613,0.0269215,-0.191453,0.0219588,
-0.926116,1.27451,-6.75224,0.0275827,-0.190725,0.0219774,
-0.926116,1.27451,-6.75224,0.0275827,-0.190725,0.0219774,
-0.909608,1.23322,-6.72847,0.0282633,-0.189144,0.0222995,
-0.880851,1.20186,-6.69779,0.0283356,-0.186341,0.0227704,
-0.880851,1.20186,-6.69779,0.0283356,-0.186341,0.0227704,
-0.840339,1.21475,-6.66381,0.027142,-0.183692,0.022669,
-0.820548,1.25296,-6.62549,0.0254098,-0.181098,0.0228328,
-0.820106,1.28026,-6.57978,0.0237924,-0.178648,0.0231147,
-0.820106,1.28026,-6.57978,0.0237924,-0.178648,0.0231147,
-0.830911,1.29251,-6.53922,0.022325,-0.17714,0.0230495,
-0.844434,1.26187,-6.48273,0.02234,-0.176116,0.0228245,
-0.844434,1.26187,-6.48273,0.02234,-0.176116,0.0228245,
-0.87675,1.2145,-6.41959,0.0232896,-0.175637,0.0225517,
-0.910859,1.16293,-6.34797,0.0248896,-0.175731,0.0217795,
-0.916643,1.152,-6.26993,0.0254493,-0.175382,0.021386,
-0.916643,1.152,-6.26993,0.0254493,-0.175382,0.021386,
-0.897295,1.17578,-6.19971,0.0240087,-0.172408,0.0221408,
-0.844411,1.20256,-6.13184,0.022536,-0.167546,0.022281,
-0.844411,1.20256,-6.13184,0.022536,-0.167546,0.022281,
-0.792264,1.23057,-6.06411,0.0220833,-0.162969,0.0229981,
-0.787642,1.23038,-5.99327,0.0224111,-0.15953,0.022993,
-0.787642,1.23038,-5.99327,0.0224111,-0.15953,0.022993,
-0.773613,1.23525,-5.90547,0.0226845,-0.156877,0.0224189,
-0.759872,1.28112,-5.79915,0.0214031,-0.152699,0.0224156,
-0.71275,1.35503,-5.69826,0.0178894,-0.146671,0.022689,
-0.646177,1.41395,-5.58446,0.015448,-0.139819,0.0233629,
-0.646177,1.41395,-5.58446,0.015448,-0.139819,0.0233629,
-0.610252,1.43389,-5.48696,0.0144103,-0.134756,0.0233317,
-0.610252,1.43389,-5.48696,0.0144103,-0.134756,0.0233317,
-0.618081,1.39759,-5.38202,0.0153867,-0.131021,0.0228304,
-0.605854,1.36651,-5.28179,0.0161185,-0.127727,0.0220702,
-0.566171,1.39096,-5.19358,0.0143948,-0.122665,0.0223478,
-0.566171,1.39096,-5.19358,0.0143948,-0.122665,0.0223478,
-0.492941,1.41697,-5.10889,0.011256,-0.116513,0.0232055,
-0.435992,1.44306,-5.05945,0.00901311,-0.111777,0.0235542,
-0.435992,1.44306,-5.05945,0.00901311,-0.111777,0.0235542,
-0.425311,1.41296,-5.0139,0.00863145,-0.109876,0.0238985,
-0.436714,1.38026,-4.96973,0.00899713,-0.110134,0.0235799,
-0.448721,1.38004,-4.92048,0.00755053,-0.110104,0.0235199,
-0.448721,1.38004,-4.92048,0.00755053,-0.110104,0.0235199,
-0.429527,1.41231,-4.87756,0.00445448,-0.10914,0.0241031,
-0.412619,1.45241,-4.83849,0.000657247,-0.107937,0.0248177,
-0.412619,1.45241,-4.83849,0.000657247,-0.107937,0.0248177,
-0.398032,1.48252,-4.81302,-0.00212726,-0.108103,0.0253259,
-0.425389,1.48423,-4.79084,-0.00335168,-0.109776,0.0250303,
-0.465334,1.47326,-4.77046,-0.00400909,-0.112866,0.0247918,
-0.465334,1.47326,-4.77046,-0.00400909,-0.112866,0.0247918,
-0.487396,1.46297,-4.75616,-0.00483039,-0.115602,0.0248002,
-0.484528,1.46807,-4.73908,-0.00616539,-0.1175,0.0249368,
-0.477293,1.48601,-4.72446,-0.00802437,-0.119184,0.0251419,
-0.477293,1.48601,-4.72446,-0.00802437,-0.119184,0.0251419,
-0.466603,1.49757,-4.7169,-0.00893197,-0.120849,0.0255225,
-0.475164,1.49627,-4.72307,-0.00916746,-0.122232,0.0257523,
-0.475164,1.49627,-4.72307,-0.00916746,-0.122232,0.0257523,
-0.479481,1.50609,-4.73138,-0.00945972,-0.124302,0.0258441,
-0.505417,1.52952,-4.74087,-0.0104396,-0.126054,0.0258942,
-0.523437,1.57458,-4.74949,-0.0122414,-0.127783,0.0259698,
-0.523437,1.57458,-4.74949,-0.0122414,-0.127783,0.0259698,
-0.540312,1.63064,-4.75905,-0.0139164,-0.129703,0.0256605,
-0.566357,1.65742,-4.77107,-0.0153316,-0.132134,0.0255201,
-0.566357,1.65742,-4.77107,-0.0153316,-0.132134,0.0255201,
-0.601145,1.64957,-4.78796,-0.0158846,-0.135339,0.0252333,
-0.632753,1.62371,-4.79589,-0.0149797,-0.138473,0.0250187,
-0.659845,1.58782,-4.80608,-0.0142051,-0.141155,0.0252217,
-0.659845,1.58782,-4.80608,-0.0142051,-0.141155,0.0252217,
-0.674127,1.56321,-4.81683,-0.014086,-0.143305,0.025291,
-0.676011,1.55628,-4.82042,-0.0139964,-0.144515,0.0254718,
-0.676011,1.55628,-4.82042,-0.0139964,-0.144515,0.0254718,
-0.671307,1.57577,-4.83454,-0.0141252,-0.145229,0.0256688,
-0.661671,1.59029,-4.85623,-0.0143381,-0.145542,0.0256156,
-0.639952,1.61192,-4.86733,-0.0146011,-0.14541,0.0256219,
-0.639952,1.61192,-4.86733,-0.0146011,-0.14541,0.0256219,
-0.633025,1.64734,-4.87181,-0.0153514,-0.144322,0.0259044,
-0.635736,1.66651,-4.85847,-0.0163181,-0.142707,0.0258828,
-0.635736,1.66651,-4.85847,-0.0163181,-0.142707,0.0258828,
-0.650697,1.68786,-4.8407,-0.0165961,-0.141142,0.0254053,
-0.663937,1.67723,-4.80984,-0.01643,-0.139838,0.0251546,
-0.674166,1.65104,-4.77769,-0.0154841,-0.137989,0.0244623,
-0.674166,1.65104,-4.77769,-0.0154841,-0.137989,0.0244623,
-0.670514,1.6333,-4.75118,-0.0148815,-0.135461,0.0242122,
-0.641889,1.61741,-4.71393,-0.0145934,-0.132192,0.0241158,
-0.641889,1.61741,-4.71393,-0.0145934,-0.132192,0.0241158,
-0.599311,1.61297,-4.67702,-0.0144663,-0.128403,0.0240987,
-0.567754,1.60981,-4.64812,-0.0142987,-0.124418,0.0241805,
-0.550286,1.5924,-4.62224,-0.0141259,-0.121035,0.0244078,
-0.550286,1.5924,-4.62224,-0.0141259,-0.121035,0.0244078,
-0.529202,1.58384,-4.60392,-0.014334,-0.118372,0.0244728,
-0.506959,1.59102,-4.58441,-0.0147106,-0.115671,0.0244716,
-0.506959,1.59102,-4.58441,-0.0147106,-0.115671,0.0244716,
-0.491003,1.61659,-4.55642,-0.0153474,-0.112677,0.0246708,
-0.482999,1.6424,-4.52778,-0.0163977,-0.1098,0.0246229,
-0.475579,1.64613,-4.50309,-0.0171167,-0.106981,0.0247242,
-0.475579,1.64613,-4.50309,-0.0171167,-0.106981,0.0247242,
-0.473395,1.63453,-4.47233,-0.0174783,-0.104165,0.0246065,
-0.457918,1.61984,-4.44432,-0.0177635,-0.101796,0.0246483,
-0.457918,1.61984,-4.44432,-0.0177635,-0.101796,0.0246483,
-0.427523,1.60693,-4.4193,-0.0181581,-0.0993245,0.024541,
-0.393627,1.60597,-4.38821,-0.0186824,-0.0963597,0.0249159,
-0.360782,1.58981,-4.34789,-0.0196691,-0.093092,0.025211,
-0.360782,1.58981,-4.34789,-0.0196691,-0.093092,0.025211,
-0.331201,1.55883,-4.30135,-0.0203841,-0.0902024,0.0255601,
-0.320297,1.5355,-4.2542,-0.0206031,-0.087306,0.0258862,
-0.310179,1.51479,-4.20684,-0.0208043,-0.0842728,0.0259912,
-0.310179,1.51479,-4.20684,-0.0208043,-0.0842728,0.0259912,
-0.283274,1.51332,-4.16877,-0.0215145,-0.0810349,0.0258404,
-0.25476,1.54021,-4.1286,-0.0224405,-0.0772124,0.025751,
-0.25476,1.54021,-4.1286,-0.0224405,-0.0772124,0.025751,
-0.22939,1.56674,-4.08831,-0.0234661,-0.0730886,0.0262029,
-0.192575,1.58519,-4.05016,-0.0241318,-0.0695006,0.0262393,
-0.172399,1.57696,-4.01319,-0.0249574,-0.0663271,0.0262311,
-0.172399,1.57696,-4.01319,-0.0249574,-0.0663271,0.0262311,
-0.16334,1.5661,-3.97183,-0.025359,-0.0636695,0.0262761,
-0.158199,1.5484,-3.93436,-0.025387,-0.0614558,0.0261976,
-0.158199,1.5484,-3.93436,-0.025387,-0.0614558,0.0261976,
-0.158432,1.52202,-3.89983,-0.0250116,-0.0597598,0.0262042,
-0.154632,1.4908,-3.87164,-0.0246549,-0.0586895,0.0263814,
-0.151985,1.47166,-3.85475,-0.0241157,-0.0578125,0.0265329,
-0.151985,1.47166,-3.85475,-0.0241157,-0.0578125,0.0265329,
-0.13577,1.46504,-3.84059,-0.0239346,-0.0573983,0.0267032,
-0.13071,1.47435,-3.84065,-0.0242615,-0.056849,0.0269161,
-0.13071,1.47435,-3.84065,-0.0242615,-0.056849,0.0269161,
-0.115255,1.49196,-3.84609,-0.024548,-0.0572814,0.0271086,
-0.121979,1.50862,-3.85934,-0.0247139,-0.0581484,0.0275112,
-0.139551,1.50648,-3.87398,-0.0245832,-0.0599358,0.0275853,
-0.139551,1.50648,-3.87398,-0.0245832,-0.0599358,0.0275853,
-0.163238,1.49304,-3.88632,-0.0238586,-0.0624544,0.0276275,
-0.163238,1.49304,-3.88632,-0.0238586,-0.0624544,0.0276275,
-0.189244,1.48521,-3.89736,-0.0226277,-0.0651872,0.0271215,
-0.213834,1.47977,-3.90603,-0.0214855,-0.0678888,0.0271395,
-0.237363,1.4748,-3.92184,-0.0211767,-0.0701816,0.0272313,
-0.237363,1.4748,-3.92184,-0.0211767,-0.0701816,0.0272313,
-0.245276,1.48034,-3.94161,-0.021023,-0.0722399,0.0274008,
-0.241385,1.48507,-3.96867,-0.0207204,-0.0745378,0.0276986,
-0.250419,1.48326,-3.99222,-0.0202782,-0.0770207,0.0277807,
-0.250419,1.48326,-3.99222,-0.0202782,-0.0770207,0.0277807,
-0.2679,1.48248,-4.02401,-0.0195285,-0.0801051,0.0276069,
-0.285641,1.49284,-4.05505,-0.0190311,-0.0832236,0.0274848,
-0.320475,1.50923,-4.07733,-0.018886,-0.0855867,0.0273926,
-0.320475,1.50923,-4.07733,-0.018886,-0.0855867,0.0273926,
-0.332366,1.52225,-4.10039,-0.0188371,-0.0881063,0.0273935,
-0.353423,1.54983,-4.12507,-0.0182378,-0.0904513,0.0274821,
-0.353423,1.54983,-4.12507,-0.0182378,-0.0904513,0.0274821,
-0.371358,1.55367,-4.14884,-0.017579,-0.0923602,0.027231,
-0.391901,1.55297,-4.17177,-0.0166261,-0.094434,0.0268042,
-0.420716,1.55513,-4.18301,-0.0160411,-0.0963433,0.0264618,
-0.420716,1.55513,-4.18301,-0.0160411,-0.0963433,0.0264618,
-0.447224,1.54873,-4.19271,-0.015735,-0.0980597,0.0265558,
-0.466227,1.55142,-4.19688,-0.0154675,-0.0995912,0.0265158,
-0.475725,1.55151,-4.20018,-0.0152104,-0.100849,0.0262774,
-0.475725,1.55151,-4.20018,-0.0152104,-0.100849,0.0262774,
-0.492977,1.55188,-4.20631,-0.0151986,-0.101682,0.0262624,
-0.49237,1.56258,-4.20688,-0.0149771,-0.102498,0.0261827,
-0.49237,1.56258,-4.20688,-0.0149771,-0.102498,0.0261827,
-0.499435,1.5646,-4.2084,-0.0150576,-0.102759,0.0263677,
-0.513037,1.57275,-4.20673,-0.0152386,-0.103011,0.0266032,
-0.513037,1.57275,-4.20673,-0.0152386,-0.103011,0.0266032,
-0.507452,1.58516,-4.19953,-0.0155628,-0.103496,0.026449,
-0.505084,1.59753,-4.1912,-0.0155898,-0.103494,0.0262868,
-0.491725,1.60694,-4.17463,-0.0161901,-0.103454,0.0263143,
-0.47627,1.62214,-4.1624,-0.0166509,-0.103153,0.0261884,
-0.47627,1.62214,-4.1624,-0.0166509,-0.103153,0.0261884,
-0.467354,1.62827,-4.14067,-0.0171074,-0.102344,0.0262268,
-0.467354,1.62827,-4.14067,-0.0171074,-0.102344,0.0262268,
-0.461973,1.61981,-4.10979,-0.0178036,-0.101098,0.0265123,
-0.444699,1.61477,-4.08342,-0.0177883,-0.100077,0.0267056,
-0.439444,1.62049,-4.05918,-0.0180169,-0.0988388,0.0269136,
-0.439444,1.62049,-4.05918,-0.0180169,-0.0988388,0.0269136,
-0.416797,1.63595,-4.03326,-0.0187452,-0.0972569,0.0271045,
-0.392473,1.65292,-4.00576,-0.0200525,-0.095214,0.027431,
-0.392473,1.65292,-4.00576,-0.0200525,-0.095214,0.027431,
-0.37098,1.6753,-3.97528,-0.0213781,-0.0926833,0.0274685,
-0.344872,1.69932,-3.9408,-0.0220178,-0.0903441,0.0275577,
-0.333898,1.70354,-3.90665,-0.0221647,-0.088174,0.0274726,
-0.333898,1.70354,-3.90665,-0.0221647,-0.088174,0.0274726,
-0.340648,1.69109,-3.86662,-0.0221503,-0.0855651,0.0274735,
-0.320616,1.68509,-3.83046,-0.0220522,-0.0833785,0.0275336,
-0.320616,1.68509,-3.83046,-0.0220522,-0.0833785,0.0275336,
-0.305465,1.6732,-3.7971,-0.0223824,-0.0808359,0.0276074,
-0.290055,1.67643,-3.76052,-0.0224549,-0.0781773,0.0276683,
-0.260902,1.67391,-3.726,-0.0228722,-0.0756565,0.0279675,
-0.260902,1.67391,-3.726,-0.0228722,-0.0756565,0.0279675,
-0.229787,1.67862,-3.69444,-0.0233013,-0.0731484,0.028049,
-0.21071,1.66397,-3.66765,-0.0240291,-0.0704938,0.0281365,
-0.21071,1.66397,-3.66765,-0.0240291,-0.0704938,0.0281365,
-0.186697,1.6669,-3.64567,-0.0243786,-0.0683509,0.028304,
-0.162716,1.67419,-3.62978,-0.024821,-0.0665371,0.0285518,
-0.141777,1.68238,-3.62283,-0.025036,-0.0651761,0.028605,
-0.141777,1.68238,-3.62283,-0.025036,-0.0651761,0.028605,
-0.127718,1.689,-3.6113,-0.0253554,-0.0639565,0.0285589,
-0.120084,1.68156,-3.60182,-0.0258939,-0.0627993,0.0287011,
-0.120084,1.68156,-3.60182,-0.0258939,-0.0627993,0.0287011,
-0.104936,1.67539,-3.59616,-0.0261994,-0.0619519,0.0287252,
-0.0938707,1.66351,-3.60139,-0.0263136,-0.0614364,0.0289133,
-0.0863902,1.65772,-3.60779,-0.025845,-0.06098,0.0290772,
-0.0863902,1.65772,-3.60779,-0.025845,-0.06098,0.0290772,
-0.0806968,1.64576,-3.61382,-0.0256818,-0.060818,0.0292039,
-0.0652247,1.64475,-3.62602,-0.0258421,-0.0608062,0.0292893,
-0.0652247,1.64475,-3.62602,-0.0258421,-0.0608062,0.0292893,
-0.0580171,1.65558,-3.63978,-0.026103,-0.0605481,0.0295041,
-0.0442162,1.66999,-3.66325,-0.0264781,-0.0607812,0.029765,
-0.0528321,1.67194,-3.69044,-0.0263497,-0.0610252,0.0298729,
-0.0528321,1.67194,-3.69044,-0.0263497,-0.0610252,0.0298729,
-0.0861113,1.66112,-3.72028,-0.0260667,-0.0615754,0.030017,
-0.105765,1.648,-3.74459,-0.025634,-0.0631089,0.0301925,
-0.105765,1.648,-3.74459,-0.025634,-0.0631089,0.0301925,
-0.126335,1.65224,-3.77303,-0.0249723,-0.0644059,0.0299913,
-0.138492,1.65181,-3.79885,-0.0250502,-0.0651835,0.0301307,
-0.128699,1.65671,-3.82178,-0.0249217,-0.0656314,0.0301399,
-0.128699,1.65671,-3.82178,-0.0249217,-0.0656314,0.0301399,
